epoch,train_loss,val_loss,mean_iou,surface_iou,traversability_iou,iou_Ignore,iou_Road,iou_Pavement,iou_Soil,iou_Grass,iou_Tree,iou_Vegetation,iou_Building,iou_Vehicle,iou_Person,iou_Pole,iou_Wall,iou_Water,iou_Rubble
1,3.3294028703371685,2.5287314322259693,0.38975000225125117,0.4758351277801073,0.6429195121382053,0.0,0.6194692519814556,0.0,0.0,0.0,0.550139888938655,0.3322010035787589,0.8366898690086371,0.0,0.0,0.0,0.0,0.0,0.0
2,1.671697714328766,1.1703693005773756,0.44484196189633046,0.6039652264638038,0.721802102339695,0.0,0.68811429027732,0.0,0.0,0.0,0.5974835068192159,0.5198161626502876,0.8636378116311595,0.0,0.0,0.0,0.0,0.0,0.0
3,1.0172825316588083,0.8173116975360446,0.48042568952996323,0.6603164853126603,0.7547982068925564,0.0,0.7113236998073258,0.0,0.0,0.0,0.6093197434267917,0.6093092708179948,0.8697315721059968,0.08286985102167053,0.0,0.0,0.0,0.0,0.0
4,0.6296501934528351,0.6487759318616655,0.5535976281325236,0.690005884766802,0.7835730174072897,0.0,0.751824935591669,0.0,0.0,0.0,0.6698757968592941,0.6281868339419351,0.888082621020565,0.3836155813816786,0.0,0.0,0.0,0.0,0.0
5,0.4820733497540156,0.5934735205438402,0.5602392600673022,0.6969454031504883,0.7850336853433293,0.0,0.7537864604849256,0.0,0.0,0.0,0.6540960684015281,0.640104345816051,0.8963678303994096,0.41708085530189853,0.0,0.0,0.0,0.0,0.0
6,0.4494610716899236,0.5218259592851003,0.5750288814955845,0.7124912527415109,0.7990547296036862,0.0,0.7694385522221437,0.0,0.0,0.0,0.6924621376775936,0.6555439532608781,0.8981074537260143,0.43462119208687716,0.0,0.0,0.0,0.0,0.0
7,0.4575629820426305,0.4895606405205197,0.5752527790356733,0.7041860593954019,0.7872569127452747,0.0,0.7657451816479173,0.0,0.0,0.0,0.6680857981929561,0.6426269371428865,0.8991652896580956,0.43491523912005203,0.04097822845213242,0.0,0.0,0.0,0.0
8,0.40355141917864484,0.49357466565238106,0.5756207714376524,0.7001972903245623,0.781169107721019,0.0,0.7637997673610172,0.0,0.0,0.0,0.6460056408788646,0.6365948132881075,0.8942781931087793,0.38601405383357035,0.12703216015557556,0.0,0.0,0.0,0.0
9,0.3392100725571314,0.4619664053122203,0.5969913441252427,0.7100266047604966,0.788753745009751,0.0,0.7809151873784222,0.0,0.0,0.0,0.6749679740963069,0.6391380221425711,0.897517810464435,0.42234095057779636,0.16706812009192465,0.0,0.0,0.0,0.0
10,0.3543590112527211,0.44043278031879,0.597047530093033,0.7155347402061463,0.7956350315383751,0.0,0.7822048843163214,0.0,0.0,0.0,0.6918409128763532,0.648864596095971,0.8866177970709311,0.40439479875500695,0.1683621914436146,0.0,0.0,0.0,0.0
11,0.32004438221454623,0.436483061975903,0.6131504721030315,0.7126606146059429,0.7899382760190277,0.0,0.7869597067702376,0.0,0.0,0.0,0.674577620691483,0.6383615224416481,0.9104451534539402,0.49389864719329085,0.1746601820675895,0.0,0.0,0.0,0.0
12,0.33359861294428506,0.43044443594084847,0.5991826075613303,0.7063337087253303,0.7807881289320351,0.0,0.7823004876561316,0.0,0.0,0.0,0.6502556952540891,0.630366929794529,0.9058134802263524,0.4400461894426589,0.1863128629942204,0.0,0.0,0.0,0.0
13,0.31511412918567655,0.44671322570906746,0.58456349989154,0.6914423883035521,0.7640696046349363,0.0,0.7801566023262585,0.0,0.0,0.0,0.6369295832920426,0.6027281742808457,0.893888163047883,0.41007862749765245,0.18359984890455805,0.0,0.0,0.0,0.0
14,0.3405221567551295,0.4515115949842665,0.5671178742636527,0.6859265344516481,0.756287739987166,0.0,0.7691108389883125,0.0,0.0,0.0,0.6175135083703192,0.6027422299149836,0.8806514758333852,0.34494308961712844,0.1877461028577869,0.0,0.0,0.0,0.0
15,0.3046174744764964,0.39978860153092277,0.6071676933999848,0.7213489243566533,0.7988276955523482,0.0,0.7867029092482096,0.0,0.0,0.0,0.6947725253468952,0.655994939465097,0.9045493262713976,0.4177752339371997,0.18321122613110935,0.0,0.0,0.0,0.0
16,0.2705157691240311,0.40553900930616593,0.5998859216312354,0.7210006703358731,0.7988863401560518,0.0,0.7793886688401991,0.0,0.0,0.0,0.6867269327640753,0.6626126718315473,0.8980453217343382,0.37840758935551994,0.1941343452617335,0.0,0.0,0.0,0.0
17,0.28513736724853517,0.41778870092497933,0.6066499994758606,0.714841807458931,0.7884798123620014,0.0,0.7873100614123242,0.0,0.0,0.0,0.6628078617597031,0.6423735535055378,0.9081660269917763,0.4611084982026078,0.1781339949832139,0.0,0.0,0.0,0.0
18,0.26781780570745467,0.3960133691628774,0.6193438520995759,0.724423468856204,0.800898964855377,0.0,0.7955450116438232,0.0,0.0,0.0,0.7074054413953026,0.6533019260685848,0.9103812594075723,0.46319326769982755,0.18623620638234417,0.0,0.0,0.0,0.0
19,0.2769322671492894,0.4174349473582374,0.609454743666992,0.7106638696438827,0.7853160251461548,0.0,0.784202917319926,0.0,0.0,0.0,0.6508365099482293,0.6371248219678395,0.9123740414538707,0.4602724205777178,0.21191775073436844,0.0,0.0,0.0,0.0
20,0.2542916917800903,0.3980228669113583,0.6089128358465034,0.7189251031293304,0.8003246336111389,0.0,0.7878262348843913,0.0,0.0,0.0,0.7149592793417167,0.6500239713742696,0.902594248417474,0.39529259948057016,0.20278068158059795,0.0,0.0,0.0,0.0
21,0.2616735178232193,0.40608687202135724,0.6080138429684765,0.7135552262239848,0.7897270134059023,0.0,0.790328702317229,0.0,0.0,0.0,0.6765302579281469,0.6367817501307406,0.9071397593993106,0.4381267270566464,0.19917586097878565,0.0,0.0,0.0,0.0
22,0.2685538643598557,0.3860154052575429,0.6248432221723107,0.7258840607555213,0.8035423655810375,0.0,0.7930187643304989,0.0,0.0,0.0,0.7162487894164365,0.6587493571805437,0.9104392257226818,0.45943630471984936,0.2111668916638542,0.0,0.0,0.0,0.0
23,0.2616766529281934,0.4104699028862847,0.5983147263209501,0.7084335165096873,0.7843589776261843,0.0,0.7907276493463768,0.0,0.0,0.0,0.6870723938869246,0.6261393836729977,0.8946744442437272,0.39682965999632536,0.1944448267793484,0.0,0.0,0.0,0.0
24,0.2581786628564199,0.407653894689348,0.6015600757766412,0.7104483442695018,0.7866041317336956,0.0,0.7816905821839162,0.0,0.0,0.0,0.6723472346355123,0.6392061063550873,0.9073365478304874,0.4125611262581593,0.19621885739668488,0.0,0.0,0.0,0.0
25,0.2546510876218478,0.40716251730918884,0.6095645312289638,0.7106474384175594,0.7924008982851819,0.0,0.7861178663610202,0.0,0.0,0.0,0.6958753197008717,0.6351770104740985,0.9124732557508896,0.433398304723992,0.19434543036291088,0.0,0.0,0.0,0.0
26,0.24617161999146145,0.40897846553060746,0.6029179011466972,0.7111729398645896,0.7838701119449814,0.0,0.7906339934532085,0.0,0.0,0.0,0.6570024226535216,0.6317118862759707,0.9106690596269551,0.431434147975419,0.19605589689510808,0.0,0.0,0.0,0.0
27,0.2652357316017151,0.396169039938185,0.6278585724829397,0.7258261779037816,0.8042409663600385,0.0,0.7984456070240455,0.0,0.0,0.0,0.717614135707146,0.6532067487835177,0.9125634431825709,0.48989886207976513,0.19542263812059282,0.0,0.0,0.0,0.0
28,0.24472306569417318,0.3910856876108382,0.6189914529971993,0.7201387482047352,0.8005805530581283,0.0,0.7869243809539832,0.0,0.0,0.0,0.7107614890364563,0.6533531154554871,0.9131155442725541,0.43725000390110946,0.212544184363606,0.0,0.0,0.0,0.0
29,0.2493210088213285,0.392926898267534,0.6113137148798221,0.7238723111749314,0.7993864689454957,0.0,0.7902627583439016,0.0,0.0,0.0,0.7021165939429613,0.6574818640059613,0.9088475201075356,0.4144053518181226,0.19476820106045054,0.0,0.0,0.0,0.0
30,0.24116527646780014,0.4034673041767544,0.5985293564617685,0.7161826061762393,0.7905338548539504,0.0,0.7866266259936358,0.0,0.0,0.0,0.685163834529942,0.6457385863588427,0.8998270626362765,0.376097651320065,0.19772237793184835,0.0,0.0,0.0,0.0
31,0.22702229484915734,0.38338108857472736,0.6254851865368921,0.7262676962874697,0.8038839221866015,0.0,0.7911818880100291,0.0,0.0,0.0,0.71324186823346,0.6613535045649104,0.9189343451583166,0.487725726412065,0.18047378684257176,0.0,0.0,0.0,0.0
32,0.24023758014043173,0.3882642818821801,0.6161745758852809,0.7159538508097621,0.7920291891127512,0.0,0.7881591730403721,0.0,0.0,0.0,0.6865439036816845,0.6437485285791522,0.9151670003171662,0.4720621077761133,0.1913667419171979,0.0,0.0,0.0,0.0
33,0.2635197693109512,0.38636240031984115,0.6146589993903807,0.7237825125777038,0.7970984710471818,0.0,0.7968964127367997,0.0,0.0,0.0,0.6887082881095252,0.6506686124186077,0.913595417801841,0.4501861747182346,0.18789909055727555,0.0,0.0,0.0,0.0
34,0.24769045581420263,0.38595051566759747,0.6242670537363068,0.721556254959319,0.7989005140389406,0.0,0.7896926363845629,0.0,0.0,0.0,0.6950320688228403,0.653419873534075,0.9180776412904007,0.4874467230197862,0.2019333793661754,0.0,0.0,0.0,0.0
35,0.23211918711662294,0.3781963090101878,0.628372293486683,0.729843358146018,0.8037077604299253,0.0,0.8013309683836213,0.0,0.0,0.0,0.7051995849051242,0.6583557479084146,0.9147821283158477,0.4887958873294462,0.20176944407764427,0.0,0.0,0.0,0.0
36,0.23930524468421935,0.373490098449919,0.627334212405954,0.7270091950248292,0.8038398280004402,0.0,0.7981968136900542,0.0,0.0,0.0,0.7133187132808296,0.6558215763596043,0.9143712287164235,0.47467869711260563,0.20761824527620654,0.0,0.0,0.0,0.0
37,0.2411802238225937,0.37263404991891647,0.6296220822753438,0.729500364216754,0.8079700158884945,0.0,0.7922912758485756,0.0,0.0,0.0,0.7153549881635112,0.6667094525849324,0.9171772810869111,0.4844545447693131,0.20174495119881888,0.0,0.0,0.0,0.0
38,0.231548945804437,0.3780195944839054,0.6203892337417548,0.7224383643252261,0.7964903844025826,0.0,0.7962809119531792,0.0,0.0,0.0,0.6906980640498119,0.6485958166972732,0.9158797514992499,0.4646896748179108,0.20619118343310397,0.0,0.0,0.0,0.0
39,0.22822430302699406,0.3928633795844184,0.61084559236862,0.7179013896980948,0.7909419333836145,0.0,0.7911685542634475,0.0,0.0,0.0,0.6706503250462458,0.6446342251327423,0.9122737284591672,0.44830749217160815,0.19803922913850946,0.0,0.0,0.0,0.0
40,0.23704422265291214,0.3802828523847792,0.6297206506878855,0.7209309775900212,0.7964313319134151,0.0,0.8024393976813026,0.0,0.0,0.0,0.6984566946589068,0.6394225574987398,0.9191607552515675,0.500795068073791,0.218049430963006,0.0,0.0,0.0,0.0
41,0.22825528730948766,0.3804326554139455,0.6206079708450368,0.7260213296716255,0.8005294568552669,0.0,0.7946331678753232,0.0,0.0,0.0,0.6897879385781585,0.6574094914679277,0.9153052453777049,0.4599153695789763,0.20659661219213046,0.0,0.0,0.0,0.0
42,0.24026039411624273,0.3798779613441891,0.6274879668968775,0.7262233978159061,0.801693984367426,0.0,0.7969437116876608,0.0,0.0,0.0,0.6992432394459125,0.6555030839441515,0.9177747445106541,0.4803988294241268,0.21506419236875948,0.0,0.0,0.0,0.0
43,0.22223582883675894,0.37059224645296734,0.6322943301963616,0.7305539672816033,0.8069538710842724,0.0,0.7982660150310289,0.0,0.0,0.0,0.7149564496602367,0.6628419195321776,0.9174630922013386,0.4790238730939434,0.2212146316594443,0.0,0.0,0.0,0.0
44,0.2368805029988289,0.37418805725044674,0.6248927467674611,0.7259612789086822,0.8006520457244084,0.0,0.7929374800108342,0.0,0.0,0.0,0.6973531670578939,0.6589850778065304,0.9146173369969517,0.46883560720735545,0.2166278115252011,0.0,0.0,0.0,0.0
45,0.2397939732670784,0.37497038808133865,0.6310558997096426,0.7289060727463916,0.8028563987689008,0.0,0.7994036831588582,0.0,0.0,0.0,0.699742325564465,0.6584084623339249,0.918154290743551,0.4959025949459933,0.21472404151106272,0.0,0.0,0.0,0.0
46,0.21884342630704243,0.37996647589736515,0.6253893529761573,0.7237056179611676,0.8002294388065969,0.0,0.7895671272802977,0.0,0.0,0.0,0.6937081925574485,0.6578441086420376,0.9177639555745425,0.4842493236603623,0.20920341014225485,0.0,0.0,0.0,0.0
47,0.22483600864807765,0.3799671398268806,0.632982311896682,0.731467909232099,0.8067918570016703,0.0,0.798950514629393,0.0,0.0,0.0,0.6989184020395396,0.6639853038348051,0.9191701016458451,0.5150570729306427,0.20181247629986646,0.0,0.0,0.0,0.0
48,0.21155411630868912,0.3865315020084381,0.6278757224308943,0.7243793163967323,0.7980970685816802,0.0,0.7961691560727919,0.0,0.0,0.0,0.6839492981249804,0.6525894767206726,0.9176724197858832,0.505558901659929,0.21131508222110873,0.0,0.0,0.0,0.0
49,0.21229465732971828,0.3738677269882626,0.6329861716319126,0.7342947292800922,0.8097988037702291,0.0,0.7983178238695561,0.0,0.0,0.0,0.710576416718197,0.6702716346906283,0.9204412667362842,0.48804956547300504,0.2102603223038047,0.0,0.0,0.0,0.0
50,0.23353575090567272,0.3777646753523085,0.6330559630489,0.7291744449764317,0.8040809099302859,0.0,0.8000727777527137,0.0,0.0,0.0,0.6985513947297821,0.6582761122001498,0.918809206231699,0.5070939899602802,0.2155322974187749,0.0,0.0,0.0,0.0
51,0.21175884415705998,0.3768592162264718,0.630954219829097,0.7308369569694677,0.8045214521552846,0.0,0.8001267322285586,0.0,0.0,0.0,0.6951909527871388,0.6615471817103769,0.9195659126744694,0.504440415500352,0.20485412407368653,0.0,0.0,0.0,0.0
52,0.19811898916959764,0.3680691189236111,0.635129060783428,0.7307768880607688,0.8048512672081576,0.0,0.7986434324965671,0.0,0.0,0.0,0.7057791342512985,0.6629103436249704,0.9197796160878013,0.5048288911154312,0.2188329471244997,0.0,0.0,0.0,0.0
53,0.21663076867659886,0.3732173393170039,0.6351155680790069,0.7310059992229949,0.806822532365743,0.0,0.800052115854528,0.0,0.0,0.0,0.7053955691480787,0.6619598825914619,0.9186945238670156,0.507797206856768,0.21679411015618985,0.0,0.0,0.0,0.0
54,0.19834302018086117,0.38033606774277157,0.6337828554454429,0.7273065415748892,0.7994481256120041,0.0,0.8014013260430248,0.0,0.0,0.0,0.6874853926669418,0.6532117571067534,0.9197440045830131,0.5198113616492606,0.22104329062366332,0.0,0.0,0.0,0.0
55,0.2355227467417717,0.3729995720916324,0.6343189627403092,0.7305033423471587,0.8045582309297554,0.0,0.797194933615477,0.0,0.0,0.0,0.6995584891978311,0.6638117510788405,0.9211654724941689,0.5027688316541166,0.22141429840142096,0.0,0.0,0.0,0.0
56,0.2196489435931047,0.37773748238881427,0.6330955333225873,0.729284436286042,0.8028186512924573,0.0,0.7964400851418854,0.0,0.0,0.0,0.690331713893183,0.6621287874301985,0.9203738768844862,0.512445574968542,0.21685316161722792,0.0,0.0,0.0,0.0
57,0.20395453214645387,0.36944150924682617,0.6341412598957185,0.7288795822239218,0.8033895772234604,0.0,0.7981380075613862,0.0,0.0,0.0,0.6993717274970744,0.6596211568864575,0.9215470998606238,0.5128133989807487,0.2133561685880201,0.0,0.0,0.0,0.0
58,0.21480895668268205,0.36345750093460083,0.6361646441686667,0.734992545316147,0.8100604590898659,0.0,0.799767606466061,0.0,0.0,0.0,0.7158510842594329,0.670217484166233,0.9212491728134083,0.5054232706603716,0.20447924664649292,0.0,0.0,0.0,0.0
59,0.19741446961959203,0.37276387711366016,0.6337741679619949,0.7295106759176073,0.8039264793531948,0.0,0.7989061095485255,0.0,0.0,0.0,0.6977552617163092,0.6601152422866893,0.9198680012626037,0.5130871242140856,0.21291326874375596,0.0,0.0,0.0,0.0
60,0.20953105459610621,0.3799235059155358,0.6328890556038245,0.7256676601053987,0.7992644595240126,0.0,0.7993685275596061,0.0,0.0,0.0,0.687664447686169,0.6519667926511914,0.9203849340093834,0.5178267905587278,0.22012284115786912,0.0,0.0,0.0,0.0
61,0.21831748892863592,0.3648591372701857,0.6354328096045856,0.7351929082942004,0.8102472562445173,0.0,0.8003896238519741,0.0,0.0,0.0,0.7153528955498187,0.6699961927364265,0.9206212651581873,0.49031214703382536,0.21592473329728135,0.0,0.0,0.0,0.0
62,0.22217219511667888,0.36643553111288285,0.6371543214954057,0.7350735597131378,0.8110325021405925,0.0,0.7992696685925131,0.0,0.0,0.0,0.7163355300472013,0.6708774508337625,0.9212942244590122,0.5010573201683337,0.21409173487161237,0.0,0.0,0.0,0.0
63,0.19160404115915297,0.3675514492723677,0.6410708556707814,0.7350582849900456,0.8103285071536596,0.0,0.8001713200300702,0.0,0.0,0.0,0.7119011548915964,0.6699452499500208,0.9232967261615721,0.5265543642678018,0.21455631872362707,0.0,0.0,0.0,0.0
64,0.1901999107003212,0.37310636043548584,0.6389835635830247,0.7365391694635018,0.812834008646846,0.0,0.7992264597813286,0.0,0.0,0.0,0.7163286918750035,0.6738518791456751,0.9216708259790285,0.5121770432869142,0.21064648143019785,0.0,0.0,0.0,0.0
65,0.20625365187724432,0.36805175244808197,0.6386878866786996,0.7326783264261356,0.8076257123278561,0.0,0.8019281843741184,0.0,0.0,0.0,0.7091603862694054,0.663428468478153,0.9214913089445609,0.5213528252796663,0.21476614672629396,0.0,0.0,0.0,0.0
66,0.21766163955132167,0.36818398700820076,0.6361588662621168,0.7312370438489197,0.8066634308402837,0.0,0.7988428817702636,0.0,0.0,0.0,0.7080526820131041,0.6636312059275757,0.9214369654061542,0.5097286888885195,0.21526077356708398,0.0,0.0,0.0,0.0
67,0.20821596850951513,0.3718514011965858,0.6386752030109307,0.731328338012171,0.8066206494459245,0.0,0.80044181150181,0.0,0.0,0.0,0.7075384135571005,0.662214864522532,0.9229201750381425,0.5193060009846825,0.21962995246131686,0.0,0.0,0.0,0.0
68,0.2249671126405398,0.37233160932858783,0.6385801530434834,0.7315615766442951,0.8058143080266065,0.0,0.8012941067140971,0.0,0.0,0.0,0.7036743471858998,0.6618290465744933,0.9226071017838547,0.5242953608251668,0.21778095517738827,0.0,0.0,0.0,0.0
69,0.21717150300741195,0.37134546372625565,0.6372728726757333,0.7305472303016682,0.8040644114268954,0.0,0.8024292525570994,0.0,0.0,0.0,0.7011522583444203,0.6586652080462371,0.9216137281727743,0.5222579530219801,0.2175188359118882,0.0,0.0,0.0,0.0
70,0.2073852444688479,0.372678322924508,0.6397565629082066,0.7332782556582753,0.8078931175960267,0.0,0.8031231655052635,0.0,0.0,0.0,0.7083868033534815,0.663433345811287,0.9225553903209984,0.5255488538804695,0.21549181857773905,0.0,0.0,0.0,0.0
71,0.19542181129256883,0.36831801798608566,0.6386509138646602,0.7336566834960548,0.8077981645598736,0.0,0.802265790071371,0.0,0.0,0.0,0.7077900480189018,0.6650475769207387,0.9221518503422166,0.5190113524875075,0.21563886534722568,0.0,0.0,0.0,0.0
72,0.21934365957975388,0.36811257402102154,0.6356199553425551,0.7332096670698767,0.8075090597618759,0.0,0.8000236991457613,0.0,0.0,0.0,0.7061046729883611,0.666395634993992,0.9210277636885189,0.506538524867193,0.21362943637150436,0.0,0.0,0.0,0.0
73,0.20540888965129853,0.36908726394176483,0.6368703734792146,0.7334185115336336,0.8076919472006905,0.0,0.8013559690200217,0.0,0.0,0.0,0.7070639715326987,0.6654810540472454,0.9218559728580946,0.5119268561786604,0.213538417238566,0.0,0.0,0.0,0.0
74,0.19241376946369806,0.36652466158072156,0.6398589850829645,0.7342372474971968,0.8087895627263195,0.0,0.8024122579527861,0.0,0.0,0.0,0.7117177969495884,0.6660622370416073,0.9226036265245875,0.5219557752242932,0.21440221680492466,0.0,0.0,0.0,0.0
75,0.20055658449729283,0.37189610136879814,0.6371599878796599,0.7332682761054835,0.8077600984224631,0.0,0.7995351934222826,0.0,0.0,0.0,0.7038574598967441,0.6670013587886844,0.9218888911819286,0.5211160756804658,0.2095609483078533,0.0,0.0,0.0,0.0
76,0.18932184288899104,0.36682847307788,0.6396568147193766,0.7345631506710544,0.8090002667844303,0.0,0.8016214937573787,0.0,0.0,0.0,0.7106276424003473,0.66750480758473,0.922793425150903,0.5197064052230097,0.21568711419989112,0.0,0.0,0.0,0.0
